timestamp,mode,path,offset,size,phase,confidence,prefetch,prefetch_offset,prefetch_size,prefetch_depth
1773186192.791049,baseline,/pyfiles/module_1.py,0,137,unknown,0.0000,1,137,4096,1
1773186192.791126,baseline,/pyfiles/module_1.py,137,0,sequential,1.0000,0,,,1
1773186192.791352,baseline,/pyfiles/module_10.py,0,142,irregular,0.5000,1,142,4096,1
1773186192.791411,baseline,/pyfiles/module_10.py,142,0,irregular,0.6667,0,,,1
1773186192.791606,baseline,/pyfiles/module_100.py,0,147,irregular,0.5000,1,147,4096,1
1773186192.791649,baseline,/pyfiles/module_100.py,147,0,irregular,0.5000,0,,,1
1773186192.791803,baseline,/pyfiles/module_101.py,0,147,irregular,0.5000,1,147,4096,1
1773186192.791841,baseline,/pyfiles/module_101.py,147,0,irregular,0.5000,0,,,1
1773186192.792029,baseline,/pyfiles/module_102.py,0,147,irregular,0.5000,1,147,4096,1
1773186192.792073,baseline,/pyfiles/module_102.py,147,0,irregular,0.5000,0,,,1
1773186192.792234,baseline,/pyfiles/module_103.py,0,147,irregular,0.5000,1,147,4096,1
1773186192.7922719,baseline,/pyfiles/module_103.py,147,0,irregular,0.5000,0,,,1
1773186192.792425,baseline,/pyfiles/module_104.py,0,147,irregular,0.5000,1,147,4096,1
1773186192.792462,baseline,/pyfiles/module_104.py,147,0,irregular,0.5000,0,,,1
1773186192.792616,baseline,/pyfiles/module_105.py,0,147,irregular,0.5000,1,147,4096,1
1773186192.792653,baseline,/pyfiles/module_105.py,147,0,irregular,0.5000,0,,,1
1773186192.79281,baseline,/pyfiles/module_106.py,0,147,irregular,0.5000,1,147,4096,1
1773186192.792846,baseline,/pyfiles/module_106.py,147,0,irregular,0.5000,0,,,1
1773186192.79301,baseline,/pyfiles/module_107.py,0,147,irregular,0.5000,1,147,4096,1
1773186192.793043,baseline,/pyfiles/module_107.py,147,0,irregular,0.5000,0,,,1
1773186192.7931688,baseline,/pyfiles/module_108.py,0,147,irregular,0.5000,1,147,4096,1
1773186192.7932,baseline,/pyfiles/module_108.py,147,0,irregular,0.5000,0,,,1
1773186192.793335,baseline,/pyfiles/module_109.py,0,147,irregular,0.5000,1,147,4096,1
1773186192.793366,baseline,/pyfiles/module_109.py,147,0,irregular,0.5000,0,,,1
1773186192.793494,baseline,/pyfiles/module_11.py,0,142,irregular,0.5000,1,142,4096,1
1773186192.793526,baseline,/pyfiles/module_11.py,142,0,irregular,0.5000,0,,,1
1773186192.793654,baseline,/pyfiles/module_110.py,0,147,irregular,0.5000,1,147,4096,1
1773186192.793685,baseline,/pyfiles/module_110.py,147,0,irregular,0.5000,0,,,1
1773186192.793826,baseline,/pyfiles/module_111.py,0,147,irregular,0.5000,1,147,4096,1
1773186192.793857,baseline,/pyfiles/module_111.py,147,0,irregular,0.5000,0,,,1
1773186192.794005,baseline,/pyfiles/module_112.py,0,147,irregular,0.5000,1,147,4096,1
1773186192.794036,baseline,/pyfiles/module_112.py,147,0,irregular,0.5000,0,,,1
1773186192.7941692,baseline,/pyfiles/module_113.py,0,147,irregular,0.5000,1,147,4096,1
1773186192.7942002,baseline,/pyfiles/module_113.py,147,0,irregular,0.5000,0,,,1
1773186192.794335,baseline,/pyfiles/module_114.py,0,147,irregular,0.5000,1,147,4096,1
1773186192.794368,baseline,/pyfiles/module_114.py,147,0,irregular,0.5000,0,,,1
1773186192.794504,baseline,/pyfiles/module_115.py,0,147,irregular,0.5000,1,147,4096,1
1773186192.794535,baseline,/pyfiles/module_115.py,147,0,irregular,0.5000,0,,,1
1773186192.79467,baseline,/pyfiles/module_116.py,0,147,irregular,0.5000,1,147,4096,1
1773186192.794701,baseline,/pyfiles/module_116.py,147,0,irregular,0.5000,0,,,1
1773186192.7948349,baseline,/pyfiles/module_117.py,0,147,irregular,0.5000,1,147,4096,1
1773186192.794869,baseline,/pyfiles/module_117.py,147,0,irregular,0.5000,0,,,1
1773186192.795008,baseline,/pyfiles/module_118.py,0,147,irregular,0.5000,1,147,4096,1
1773186192.79504,baseline,/pyfiles/module_118.py,147,0,irregular,0.5000,0,,,1
1773186192.795273,baseline,/pyfiles/module_119.py,0,147,irregular,0.5000,1,147,4096,1
1773186192.795326,baseline,/pyfiles/module_119.py,147,0,irregular,0.5000,0,,,1
1773186192.795472,baseline,/pyfiles/module_12.py,0,142,irregular,0.5000,1,142,4096,1
1773186192.795504,baseline,/pyfiles/module_12.py,142,0,irregular,0.5000,0,,,1
1773186192.7956831,baseline,/pyfiles/module_120.py,0,147,irregular,0.5000,1,147,4096,1
1773186192.795715,baseline,/pyfiles/module_120.py,147,0,irregular,0.5000,0,,,1
1773186192.795845,baseline,/pyfiles/module_121.py,0,147,irregular,0.5000,1,147,4096,1
1773186192.795876,baseline,/pyfiles/module_121.py,147,0,irregular,0.5000,0,,,1
1773186192.796013,baseline,/pyfiles/module_122.py,0,147,irregular,0.5000,1,147,4096,1
1773186192.796046,baseline,/pyfiles/module_122.py,147,0,irregular,0.5000,0,,,1
1773186192.796176,baseline,/pyfiles/module_123.py,0,147,irregular,0.5000,1,147,4096,1
1773186192.7962072,baseline,/pyfiles/module_123.py,147,0,irregular,0.5000,0,,,1
1773186192.796339,baseline,/pyfiles/module_124.py,0,147,irregular,0.5000,1,147,4096,1
1773186192.79637,baseline,/pyfiles/module_124.py,147,0,irregular,0.5000,0,,,1
1773186192.796494,baseline,/pyfiles/module_125.py,0,147,irregular,0.5000,1,147,4096,1
1773186192.796525,baseline,/pyfiles/module_125.py,147,0,irregular,0.5000,0,,,1
1773186192.796663,baseline,/pyfiles/module_126.py,0,147,irregular,0.5000,1,147,4096,1
1773186192.796698,baseline,/pyfiles/module_126.py,147,0,irregular,0.5000,0,,,1
1773186192.79683,baseline,/pyfiles/module_127.py,0,147,irregular,0.5000,1,147,4096,1
1773186192.796863,baseline,/pyfiles/module_127.py,147,0,irregular,0.5000,0,,,1
1773186192.797001,baseline,/pyfiles/module_128.py,0,147,irregular,0.5000,1,147,4096,1
1773186192.797035,baseline,/pyfiles/module_128.py,147,0,irregular,0.5000,0,,,1
1773186192.7971761,baseline,/pyfiles/module_129.py,0,147,irregular,0.5000,1,147,4096,1
1773186192.797207,baseline,/pyfiles/module_129.py,147,0,irregular,0.5000,0,,,1
1773186192.797334,baseline,/pyfiles/module_13.py,0,142,irregular,0.5000,1,142,4096,1
1773186192.7973702,baseline,/pyfiles/module_13.py,142,0,irregular,0.5000,0,,,1
1773186192.797508,baseline,/pyfiles/module_130.py,0,147,irregular,0.5000,1,147,4096,1
1773186192.7975402,baseline,/pyfiles/module_130.py,147,0,irregular,0.5000,0,,,1
1773186192.797678,baseline,/pyfiles/module_131.py,0,147,irregular,0.5000,1,147,4096,1
1773186192.7977312,baseline,/pyfiles/module_131.py,147,0,irregular,0.5000,0,,,1
1773186192.7978601,baseline,/pyfiles/module_132.py,0,147,irregular,0.5000,1,147,4096,1
1773186192.7978911,baseline,/pyfiles/module_132.py,147,0,irregular,0.5000,0,,,1
1773186192.798023,baseline,/pyfiles/module_133.py,0,147,irregular,0.5000,1,147,4096,1
1773186192.7980568,baseline,/pyfiles/module_133.py,147,0,irregular,0.5000,0,,,1
1773186192.798184,baseline,/pyfiles/module_134.py,0,147,irregular,0.5000,1,147,4096,1
1773186192.798215,baseline,/pyfiles/module_134.py,147,0,irregular,0.5000,0,,,1
1773186192.798353,baseline,/pyfiles/module_135.py,0,147,irregular,0.5000,1,147,4096,1
1773186192.7983842,baseline,/pyfiles/module_135.py,147,0,irregular,0.5000,0,,,1
1773186192.7985191,baseline,/pyfiles/module_136.py,0,147,irregular,0.5000,1,147,4096,1
1773186192.798549,baseline,/pyfiles/module_136.py,147,0,irregular,0.5000,0,,,1
1773186192.798678,baseline,/pyfiles/module_137.py,0,147,irregular,0.5000,1,147,4096,1
1773186192.798709,baseline,/pyfiles/module_137.py,147,0,irregular,0.5000,0,,,1
1773186192.798851,baseline,/pyfiles/module_138.py,0,147,irregular,0.5000,1,147,4096,1
1773186192.798881,baseline,/pyfiles/module_138.py,147,0,irregular,0.5000,0,,,1
1773186192.799007,baseline,/pyfiles/module_139.py,0,147,irregular,0.5000,1,147,4096,1
1773186192.7990358,baseline,/pyfiles/module_139.py,147,0,irregular,0.5000,0,,,1
1773186192.799159,baseline,/pyfiles/module_14.py,0,142,irregular,0.5000,1,142,4096,1
1773186192.799187,baseline,/pyfiles/module_14.py,142,0,irregular,0.5000,0,,,1
1773186192.79931,baseline,/pyfiles/module_140.py,0,147,irregular,0.5000,1,147,4096,1
1773186192.79934,baseline,/pyfiles/module_140.py,147,0,irregular,0.5000,0,,,1
1773186192.7994628,baseline,/pyfiles/module_141.py,0,147,irregular,0.5000,1,147,4096,1
1773186192.7994912,baseline,/pyfiles/module_141.py,147,0,irregular,0.5000,0,,,1
1773186192.7996202,baseline,/pyfiles/module_142.py,0,147,irregular,0.5000,1,147,4096,1
1773186192.799662,baseline,/pyfiles/module_142.py,147,0,irregular,0.5000,0,,,1
1773186192.799785,baseline,/pyfiles/module_143.py,0,147,irregular,0.5000,1,147,4096,1
1773186192.799814,baseline,/pyfiles/module_143.py,147,0,irregular,0.5000,0,,,1
1773186192.7999501,baseline,/pyfiles/module_144.py,0,147,irregular,0.5000,1,147,4096,1
1773186192.799978,baseline,/pyfiles/module_144.py,147,0,irregular,0.5000,0,,,1
1773186192.800104,baseline,/pyfiles/module_145.py,0,147,irregular,0.5000,1,147,4096,1
1773186192.8001332,baseline,/pyfiles/module_145.py,147,0,irregular,0.5000,0,,,1
1773186192.800256,baseline,/pyfiles/module_146.py,0,147,irregular,0.5000,1,147,4096,1
1773186192.8002849,baseline,/pyfiles/module_146.py,147,0,irregular,0.5000,0,,,1
1773186192.80041,baseline,/pyfiles/module_147.py,0,147,irregular,0.5000,1,147,4096,1
1773186192.8004391,baseline,/pyfiles/module_147.py,147,0,irregular,0.5000,0,,,1
1773186192.800561,baseline,/pyfiles/module_148.py,0,147,irregular,0.5000,1,147,4096,1
1773186192.800597,baseline,/pyfiles/module_148.py,147,0,irregular,0.5000,0,,,1
1773186192.800724,baseline,/pyfiles/module_149.py,0,147,irregular,0.5000,1,147,4096,1
1773186192.8007522,baseline,/pyfiles/module_149.py,147,0,irregular,0.5000,0,,,1
1773186192.800879,baseline,/pyfiles/module_15.py,0,142,irregular,0.5000,1,142,4096,1
1773186192.800907,baseline,/pyfiles/module_15.py,142,0,irregular,0.5000,0,,,1
1773186192.801028,baseline,/pyfiles/module_150.py,0,147,irregular,0.5000,1,147,4096,1
1773186192.801057,baseline,/pyfiles/module_150.py,147,0,irregular,0.5000,0,,,1
1773186192.801183,baseline,/pyfiles/module_151.py,0,147,irregular,0.5000,1,147,4096,1
1773186192.8012118,baseline,/pyfiles/module_151.py,147,0,irregular,0.5000,0,,,1
1773186192.801331,baseline,/pyfiles/module_152.py,0,147,irregular,0.5000,1,147,4096,1
1773186192.80136,baseline,/pyfiles/module_152.py,147,0,irregular,0.5000,0,,,1
1773186192.801481,baseline,/pyfiles/module_153.py,0,147,irregular,0.5000,1,147,4096,1
1773186192.8015099,baseline,/pyfiles/module_153.py,147,0,irregular,0.5000,0,,,1
1773186192.801632,baseline,/pyfiles/module_154.py,0,147,irregular,0.5000,1,147,4096,1
1773186192.8016598,baseline,/pyfiles/module_154.py,147,0,irregular,0.5000,0,,,1
1773186192.8017778,baseline,/pyfiles/module_155.py,0,147,irregular,0.5000,1,147,4096,1
1773186192.801806,baseline,/pyfiles/module_155.py,147,0,irregular,0.5000,0,,,1
1773186192.8019252,baseline,/pyfiles/module_156.py,0,147,irregular,0.5000,1,147,4096,1
1773186192.801954,baseline,/pyfiles/module_156.py,147,0,irregular,0.5000,0,,,1
1773186192.802075,baseline,/pyfiles/module_157.py,0,147,irregular,0.5000,1,147,4096,1
1773186192.8021078,baseline,/pyfiles/module_157.py,147,0,irregular,0.5000,0,,,1
1773186192.8022258,baseline,/pyfiles/module_158.py,0,147,irregular,0.5000,1,147,4096,1
1773186192.8022552,baseline,/pyfiles/module_158.py,147,0,irregular,0.5000,0,,,1
1773186192.8023748,baseline,/pyfiles/module_159.py,0,147,irregular,0.5000,1,147,4096,1
1773186192.8024042,baseline,/pyfiles/module_159.py,147,0,irregular,0.5000,0,,,1
1773186192.802525,baseline,/pyfiles/module_16.py,0,142,irregular,0.5000,1,142,4096,1
1773186192.8025532,baseline,/pyfiles/module_16.py,142,0,irregular,0.5000,0,,,1
1773186192.802675,baseline,/pyfiles/module_160.py,0,147,irregular,0.5000,1,147,4096,1
1773186192.8027039,baseline,/pyfiles/module_160.py,147,0,irregular,0.5000,0,,,1
1773186192.802828,baseline,/pyfiles/module_161.py,0,147,irregular,0.5000,1,147,4096,1
1773186192.802856,baseline,/pyfiles/module_161.py,147,0,irregular,0.5000,0,,,1
1773186192.802976,baseline,/pyfiles/module_162.py,0,147,irregular,0.5000,1,147,4096,1
1773186192.8030038,baseline,/pyfiles/module_162.py,147,0,irregular,0.5000,0,,,1
1773186192.8031218,baseline,/pyfiles/module_163.py,0,147,irregular,0.5000,1,147,4096,1
1773186192.8031502,baseline,/pyfiles/module_163.py,147,0,irregular,0.5000,0,,,1
1773186192.803266,baseline,/pyfiles/module_164.py,0,147,irregular,0.5000,1,147,4096,1
1773186192.803294,baseline,/pyfiles/module_164.py,147,0,irregular,0.5000,0,,,1
1773186192.803422,baseline,/pyfiles/module_165.py,0,147,irregular,0.5000,1,147,4096,1
1773186192.8034508,baseline,/pyfiles/module_165.py,147,0,irregular,0.5000,0,,,1
1773186192.803583,baseline,/pyfiles/module_166.py,0,147,irregular,0.5000,1,147,4096,1
1773186192.803614,baseline,/pyfiles/module_166.py,147,0,irregular,0.5000,0,,,1
1773186192.8037279,baseline,/pyfiles/module_167.py,0,147,irregular,0.5000,1,147,4096,1
1773186192.8037581,baseline,/pyfiles/module_167.py,147,0,irregular,0.5000,0,,,1
1773186192.803893,baseline,/pyfiles/module_168.py,0,147,irregular,0.5000,1,147,4096,1
1773186192.803922,baseline,/pyfiles/module_168.py,147,0,irregular,0.5000,0,,,1
1773186192.8040378,baseline,/pyfiles/module_169.py,0,147,irregular,0.5000,1,147,4096,1
1773186192.804068,baseline,/pyfiles/module_169.py,147,0,irregular,0.5000,0,,,1
1773186192.804181,baseline,/pyfiles/module_17.py,0,142,irregular,0.5000,1,142,4096,1
1773186192.804209,baseline,/pyfiles/module_17.py,142,0,irregular,0.5000,0,,,1
1773186192.804325,baseline,/pyfiles/module_170.py,0,147,irregular,0.5000,1,147,4096,1
1773186192.804354,baseline,/pyfiles/module_170.py,147,0,irregular,0.5000,0,,,1
1773186192.804476,baseline,/pyfiles/module_171.py,0,147,irregular,0.5000,1,147,4096,1
1773186192.804505,baseline,/pyfiles/module_171.py,147,0,irregular,0.5000,0,,,1
1773186192.8046248,baseline,/pyfiles/module_172.py,0,147,irregular,0.5000,1,147,4096,1
1773186192.8046541,baseline,/pyfiles/module_172.py,147,0,irregular,0.5000,0,,,1
1773186192.8047712,baseline,/pyfiles/module_173.py,0,147,irregular,0.5000,1,147,4096,1
1773186192.804799,baseline,/pyfiles/module_173.py,147,0,irregular,0.5000,0,,,1
1773186192.8049111,baseline,/pyfiles/module_174.py,0,147,irregular,0.5000,1,147,4096,1
1773186192.804938,baseline,/pyfiles/module_174.py,147,0,irregular,0.5000,0,,,1
1773186192.8050501,baseline,/pyfiles/module_175.py,0,147,irregular,0.5000,1,147,4096,1
1773186192.805076,baseline,/pyfiles/module_175.py,147,0,irregular,0.5000,0,,,1
1773186192.805187,baseline,/pyfiles/module_176.py,0,147,irregular,0.5000,1,147,4096,1
1773186192.805213,baseline,/pyfiles/module_176.py,147,0,irregular,0.5000,0,,,1
1773186192.8053272,baseline,/pyfiles/module_177.py,0,147,irregular,0.5000,1,147,4096,1
1773186192.805355,baseline,/pyfiles/module_177.py,147,0,irregular,0.5000,0,,,1
1773186192.8054678,baseline,/pyfiles/module_178.py,0,147,irregular,0.5000,1,147,4096,1
1773186192.805494,baseline,/pyfiles/module_178.py,147,0,irregular,0.5000,0,,,1
1773186192.805609,baseline,/pyfiles/module_179.py,0,147,irregular,0.5000,1,147,4096,1
1773186192.8056371,baseline,/pyfiles/module_179.py,147,0,irregular,0.5000,0,,,1
1773186192.805748,baseline,/pyfiles/module_18.py,0,142,irregular,0.5000,1,142,4096,1
1773186192.805774,baseline,/pyfiles/module_18.py,142,0,irregular,0.5000,0,,,1
1773186192.805878,baseline,/pyfiles/module_180.py,0,147,irregular,0.5000,1,147,4096,1
1773186192.805904,baseline,/pyfiles/module_180.py,147,0,irregular,0.5000,0,,,1
1773186192.80601,baseline,/pyfiles/module_181.py,0,147,irregular,0.5000,1,147,4096,1
1773186192.806037,baseline,/pyfiles/module_181.py,147,0,irregular,0.5000,0,,,1
1773186192.80615,baseline,/pyfiles/module_182.py,0,147,irregular,0.5000,1,147,4096,1
1773186192.8061771,baseline,/pyfiles/module_182.py,147,0,irregular,0.5000,0,,,1
1773186192.80629,baseline,/pyfiles/module_183.py,0,147,irregular,0.5000,1,147,4096,1
1773186192.806321,baseline,/pyfiles/module_183.py,147,0,irregular,0.5000,0,,,1
1773186192.806443,baseline,/pyfiles/module_184.py,0,147,irregular,0.5000,1,147,4096,1
1773186192.8064692,baseline,/pyfiles/module_184.py,147,0,irregular,0.5000,0,,,1
1773186192.806582,baseline,/pyfiles/module_185.py,0,147,irregular,0.5000,1,147,4096,1
1773186192.806609,baseline,/pyfiles/module_185.py,147,0,irregular,0.5000,0,,,1
1773186192.806728,baseline,/pyfiles/module_186.py,0,147,irregular,0.5000,1,147,4096,1
1773186192.8067572,baseline,/pyfiles/module_186.py,147,0,irregular,0.5000,0,,,1
1773186192.806867,baseline,/pyfiles/module_187.py,0,147,irregular,0.5000,1,147,4096,1
1773186192.806912,baseline,/pyfiles/module_187.py,147,0,irregular,0.5000,0,,,1
1773186192.807019,baseline,/pyfiles/module_188.py,0,147,irregular,0.5000,1,147,4096,1
1773186192.8070452,baseline,/pyfiles/module_188.py,147,0,irregular,0.5000,0,,,1
1773186192.8071501,baseline,/pyfiles/module_189.py,0,147,irregular,0.5000,1,147,4096,1
1773186192.80718,baseline,/pyfiles/module_189.py,147,0,irregular,0.5000,0,,,1
1773186192.807285,baseline,/pyfiles/module_19.py,0,142,irregular,0.5000,1,142,4096,1
1773186192.8073118,baseline,/pyfiles/module_19.py,142,0,irregular,0.5000,0,,,1
1773186192.807415,baseline,/pyfiles/module_190.py,0,147,irregular,0.5000,1,147,4096,1
1773186192.807442,baseline,/pyfiles/module_190.py,147,0,irregular,0.5000,0,,,1
1773186192.8075469,baseline,/pyfiles/module_191.py,0,147,irregular,0.5000,1,147,4096,1
1773186192.807573,baseline,/pyfiles/module_191.py,147,0,irregular,0.5000,0,,,1
1773186192.807677,baseline,/pyfiles/module_192.py,0,147,irregular,0.5000,1,147,4096,1
1773186192.807704,baseline,/pyfiles/module_192.py,147,0,irregular,0.5000,0,,,1
1773186192.807807,baseline,/pyfiles/module_193.py,0,147,irregular,0.5000,1,147,4096,1
1773186192.8078341,baseline,/pyfiles/module_193.py,147,0,irregular,0.5000,0,,,1
1773186192.80794,baseline,/pyfiles/module_194.py,0,147,irregular,0.5000,1,147,4096,1
1773186192.807966,baseline,/pyfiles/module_194.py,147,0,irregular,0.5000,0,,,1
1773186192.8080692,baseline,/pyfiles/module_195.py,0,147,irregular,0.5000,1,147,4096,1
1773186192.808095,baseline,/pyfiles/module_195.py,147,0,irregular,0.5000,0,,,1
1773186192.8082,baseline,/pyfiles/module_196.py,0,147,irregular,0.5000,1,147,4096,1
1773186192.808227,baseline,/pyfiles/module_196.py,147,0,irregular,0.5000,0,,,1
1773186192.80833,baseline,/pyfiles/module_197.py,0,147,irregular,0.5000,1,147,4096,1
1773186192.8083572,baseline,/pyfiles/module_197.py,147,0,irregular,0.5000,0,,,1
1773186192.80846,baseline,/pyfiles/module_198.py,0,147,irregular,0.5000,1,147,4096,1
1773186192.808487,baseline,/pyfiles/module_198.py,147,0,irregular,0.5000,0,,,1
1773186192.808589,baseline,/pyfiles/module_199.py,0,147,irregular,0.5000,1,147,4096,1
1773186192.808616,baseline,/pyfiles/module_199.py,147,0,irregular,0.5000,0,,,1
1773186192.8087292,baseline,/pyfiles/module_2.py,0,137,irregular,0.5000,1,137,4096,1
1773186192.808759,baseline,/pyfiles/module_2.py,137,0,irregular,0.5000,0,,,1
1773186192.808867,baseline,/pyfiles/module_20.py,0,142,irregular,0.5000,1,142,4096,1
1773186192.808893,baseline,/pyfiles/module_20.py,142,0,irregular,0.5000,0,,,1
1773186192.8089979,baseline,/pyfiles/module_200.py,0,147,irregular,0.5000,1,147,4096,1
1773186192.809025,baseline,/pyfiles/module_200.py,147,0,irregular,0.5000,0,,,1
1773186192.809129,baseline,/pyfiles/module_21.py,0,142,irregular,0.5000,1,142,4096,1
1773186192.8091571,baseline,/pyfiles/module_21.py,142,0,irregular,0.5000,0,,,1
1773186192.809261,baseline,/pyfiles/module_22.py,0,142,irregular,0.5000,1,142,4096,1
1773186192.809288,baseline,/pyfiles/module_22.py,142,0,irregular,0.5000,0,,,1
1773186192.809389,baseline,/pyfiles/module_23.py,0,142,irregular,0.5000,1,142,4096,1
1773186192.8094158,baseline,/pyfiles/module_23.py,142,0,irregular,0.5000,0,,,1
1773186192.809522,baseline,/pyfiles/module_24.py,0,142,irregular,0.5000,1,142,4096,1
1773186192.809549,baseline,/pyfiles/module_24.py,142,0,irregular,0.5000,0,,,1
1773186192.809654,baseline,/pyfiles/module_25.py,0,142,irregular,0.5000,1,142,4096,1
1773186192.809681,baseline,/pyfiles/module_25.py,142,0,irregular,0.5000,0,,,1
1773186192.809786,baseline,/pyfiles/module_26.py,0,142,irregular,0.5000,1,142,4096,1
1773186192.809813,baseline,/pyfiles/module_26.py,142,0,irregular,0.5000,0,,,1
1773186192.8099189,baseline,/pyfiles/module_27.py,0,142,irregular,0.5000,1,142,4096,1
1773186192.8099499,baseline,/pyfiles/module_27.py,142,0,irregular,0.5000,0,,,1
1773186192.810055,baseline,/pyfiles/module_28.py,0,142,irregular,0.5000,1,142,4096,1
1773186192.810084,baseline,/pyfiles/module_28.py,142,0,irregular,0.5000,0,,,1
1773186192.810194,baseline,/pyfiles/module_29.py,0,142,irregular,0.5000,1,142,4096,1
1773186192.81023,baseline,/pyfiles/module_29.py,142,0,irregular,0.5000,0,,,1
1773186192.810335,baseline,/pyfiles/module_3.py,0,137,irregular,0.5000,1,137,4096,1
1773186192.8103628,baseline,/pyfiles/module_3.py,137,0,irregular,0.5000,0,,,1
1773186192.8104682,baseline,/pyfiles/module_30.py,0,142,irregular,0.5000,1,142,4096,1
1773186192.810495,baseline,/pyfiles/module_30.py,142,0,irregular,0.5000,0,,,1
1773186192.810598,baseline,/pyfiles/module_31.py,0,142,irregular,0.5000,1,142,4096,1
1773186192.810625,baseline,/pyfiles/module_31.py,142,0,irregular,0.5000,0,,,1
1773186192.810735,baseline,/pyfiles/module_32.py,0,142,irregular,0.5000,1,142,4096,1
1773186192.810761,baseline,/pyfiles/module_32.py,142,0,irregular,0.5000,0,,,1
1773186192.810862,baseline,/pyfiles/module_33.py,0,142,irregular,0.5000,1,142,4096,1
1773186192.810886,baseline,/pyfiles/module_33.py,142,0,irregular,0.5000,0,,,1
1773186192.810983,baseline,/pyfiles/module_34.py,0,142,irregular,0.5000,1,142,4096,1
1773186192.811008,baseline,/pyfiles/module_34.py,142,0,irregular,0.5000,0,,,1
1773186192.8111072,baseline,/pyfiles/module_35.py,0,142,irregular,0.5000,1,142,4096,1
1773186192.811132,baseline,/pyfiles/module_35.py,142,0,irregular,0.5000,0,,,1
1773186192.8112278,baseline,/pyfiles/module_36.py,0,142,irregular,0.5000,1,142,4096,1
1773186192.811253,baseline,/pyfiles/module_36.py,142,0,irregular,0.5000,0,,,1
1773186192.811349,baseline,/pyfiles/module_37.py,0,142,irregular,0.5000,1,142,4096,1
1773186192.8113742,baseline,/pyfiles/module_37.py,142,0,irregular,0.5000,0,,,1
1773186192.811471,baseline,/pyfiles/module_38.py,0,142,irregular,0.5000,1,142,4096,1
1773186192.811496,baseline,/pyfiles/module_38.py,142,0,irregular,0.5000,0,,,1
1773186192.811591,baseline,/pyfiles/module_39.py,0,142,irregular,0.5000,1,142,4096,1
1773186192.811616,baseline,/pyfiles/module_39.py,142,0,irregular,0.5000,0,,,1
1773186192.811712,baseline,/pyfiles/module_4.py,0,137,irregular,0.5000,1,137,4096,1
1773186192.811737,baseline,/pyfiles/module_4.py,137,0,irregular,0.5000,0,,,1
1773186192.811832,baseline,/pyfiles/module_40.py,0,142,irregular,0.5000,1,142,4096,1
1773186192.811857,baseline,/pyfiles/module_40.py,142,0,irregular,0.5000,0,,,1
1773186192.811952,baseline,/pyfiles/module_41.py,0,142,irregular,0.5000,1,142,4096,1
1773186192.811977,baseline,/pyfiles/module_41.py,142,0,irregular,0.5000,0,,,1
1773186192.812073,baseline,/pyfiles/module_42.py,0,142,irregular,0.5000,1,142,4096,1
1773186192.812098,baseline,/pyfiles/module_42.py,142,0,irregular,0.5000,0,,,1
1773186192.812193,baseline,/pyfiles/module_43.py,0,142,irregular,0.5000,1,142,4096,1
1773186192.8122208,baseline,/pyfiles/module_43.py,142,0,irregular,0.5000,0,,,1
1773186192.812317,baseline,/pyfiles/module_44.py,0,142,irregular,0.5000,1,142,4096,1
1773186192.812342,baseline,/pyfiles/module_44.py,142,0,irregular,0.5000,0,,,1
1773186192.812437,baseline,/pyfiles/module_45.py,0,142,irregular,0.5000,1,142,4096,1
1773186192.812462,baseline,/pyfiles/module_45.py,142,0,irregular,0.5000,0,,,1
1773186192.8125582,baseline,/pyfiles/module_46.py,0,142,irregular,0.5000,1,142,4096,1
1773186192.812583,baseline,/pyfiles/module_46.py,142,0,irregular,0.5000,0,,,1
1773186192.81268,baseline,/pyfiles/module_47.py,0,142,irregular,0.5000,1,142,4096,1
1773186192.8127072,baseline,/pyfiles/module_47.py,142,0,irregular,0.5000,0,,,1
1773186192.8128052,baseline,/pyfiles/module_48.py,0,142,irregular,0.5000,1,142,4096,1
1773186192.81283,baseline,/pyfiles/module_48.py,142,0,irregular,0.5000,0,,,1
1773186192.812926,baseline,/pyfiles/module_49.py,0,142,irregular,0.5000,1,142,4096,1
1773186192.812951,baseline,/pyfiles/module_49.py,142,0,irregular,0.5000,0,,,1
1773186192.8130481,baseline,/pyfiles/module_5.py,0,137,irregular,0.5000,1,137,4096,1
1773186192.813073,baseline,/pyfiles/module_5.py,137,0,irregular,0.5000,0,,,1
1773186192.813168,baseline,/pyfiles/module_50.py,0,142,irregular,0.5000,1,142,4096,1
1773186192.8131928,baseline,/pyfiles/module_50.py,142,0,irregular,0.5000,0,,,1
1773186192.8132968,baseline,/pyfiles/module_51.py,0,142,irregular,0.5000,1,142,4096,1
1773186192.813322,baseline,/pyfiles/module_51.py,142,0,irregular,0.5000,0,,,1
1773186192.813418,baseline,/pyfiles/module_52.py,0,142,irregular,0.5000,1,142,4096,1
1773186192.8134441,baseline,/pyfiles/module_52.py,142,0,irregular,0.5000,0,,,1
1773186192.813548,baseline,/pyfiles/module_53.py,0,142,irregular,0.5000,1,142,4096,1
1773186192.8135738,baseline,/pyfiles/module_53.py,142,0,irregular,0.5000,0,,,1
1773186192.81367,baseline,/pyfiles/module_54.py,0,142,irregular,0.5000,1,142,4096,1
1773186192.813696,baseline,/pyfiles/module_54.py,142,0,irregular,0.5000,0,,,1
1773186192.813793,baseline,/pyfiles/module_55.py,0,142,irregular,0.5000,1,142,4096,1
1773186192.813819,baseline,/pyfiles/module_55.py,142,0,irregular,0.5000,0,,,1
1773186192.813916,baseline,/pyfiles/module_56.py,0,142,irregular,0.5000,1,142,4096,1
1773186192.813942,baseline,/pyfiles/module_56.py,142,0,irregular,0.5000,0,,,1
1773186192.814039,baseline,/pyfiles/module_57.py,0,142,irregular,0.5000,1,142,4096,1
1773186192.814064,baseline,/pyfiles/module_57.py,142,0,irregular,0.5000,0,,,1
1773186192.8141608,baseline,/pyfiles/module_58.py,0,142,irregular,0.5000,1,142,4096,1
1773186192.814187,baseline,/pyfiles/module_58.py,142,0,irregular,0.5000,0,,,1
1773186192.814282,baseline,/pyfiles/module_59.py,0,142,irregular,0.5000,1,142,4096,1
1773186192.814307,baseline,/pyfiles/module_59.py,142,0,irregular,0.5000,0,,,1
1773186192.814406,baseline,/pyfiles/module_6.py,0,137,irregular,0.5000,1,137,4096,1
1773186192.814431,baseline,/pyfiles/module_6.py,137,0,irregular,0.5000,0,,,1
1773186192.814529,baseline,/pyfiles/module_60.py,0,142,irregular,0.5000,1,142,4096,1
1773186192.8145542,baseline,/pyfiles/module_60.py,142,0,irregular,0.5000,0,,,1
1773186192.8146508,baseline,/pyfiles/module_61.py,0,142,irregular,0.5000,1,142,4096,1
1773186192.814678,baseline,/pyfiles/module_61.py,142,0,irregular,0.5000,0,,,1
1773186192.8147788,baseline,/pyfiles/module_62.py,0,142,irregular,0.5000,1,142,4096,1
1773186192.814804,baseline,/pyfiles/module_62.py,142,0,irregular,0.5000,0,,,1
1773186192.8149009,baseline,/pyfiles/module_63.py,0,142,irregular,0.5000,1,142,4096,1
1773186192.814927,baseline,/pyfiles/module_63.py,142,0,irregular,0.5000,0,,,1
1773186192.8150232,baseline,/pyfiles/module_64.py,0,142,irregular,0.5000,1,142,4096,1
1773186192.815048,baseline,/pyfiles/module_64.py,142,0,irregular,0.5000,0,,,1
1773186192.8151438,baseline,/pyfiles/module_65.py,0,142,irregular,0.5000,1,142,4096,1
1773186192.8151722,baseline,/pyfiles/module_65.py,142,0,irregular,0.5000,0,,,1
1773186192.81527,baseline,/pyfiles/module_66.py,0,142,irregular,0.5000,1,142,4096,1
1773186192.815296,baseline,/pyfiles/module_66.py,142,0,irregular,0.5000,0,,,1
1773186192.815392,baseline,/pyfiles/module_67.py,0,142,irregular,0.5000,1,142,4096,1
1773186192.815417,baseline,/pyfiles/module_67.py,142,0,irregular,0.5000,0,,,1
1773186192.8155131,baseline,/pyfiles/module_68.py,0,142,irregular,0.5000,1,142,4096,1
1773186192.815538,baseline,/pyfiles/module_68.py,142,0,irregular,0.5000,0,,,1
1773186192.8156328,baseline,/pyfiles/module_69.py,0,142,irregular,0.5000,1,142,4096,1
1773186192.815658,baseline,/pyfiles/module_69.py,142,0,irregular,0.5000,0,,,1
1773186192.815755,baseline,/pyfiles/module_7.py,0,137,irregular,0.5000,1,137,4096,1
1773186192.8157802,baseline,/pyfiles/module_7.py,137,0,irregular,0.5000,0,,,1
1773186192.8158772,baseline,/pyfiles/module_70.py,0,142,irregular,0.5000,1,142,4096,1
1773186192.815902,baseline,/pyfiles/module_70.py,142,0,irregular,0.5000,0,,,1
1773186192.8159978,baseline,/pyfiles/module_71.py,0,142,irregular,0.5000,1,142,4096,1
1773186192.816023,baseline,/pyfiles/module_71.py,142,0,irregular,0.5000,0,,,1
1773186192.816122,baseline,/pyfiles/module_72.py,0,142,irregular,0.5000,1,142,4096,1
1773186192.8161469,baseline,/pyfiles/module_72.py,142,0,irregular,0.5000,0,,,1
1773186192.816242,baseline,/pyfiles/module_73.py,0,142,irregular,0.5000,1,142,4096,1
1773186192.816268,baseline,/pyfiles/module_73.py,142,0,irregular,0.5000,0,,,1
1773186192.816373,baseline,/pyfiles/module_74.py,0,142,irregular,0.5000,1,142,4096,1
1773186192.8163981,baseline,/pyfiles/module_74.py,142,0,irregular,0.5000,0,,,1
1773186192.816494,baseline,/pyfiles/module_75.py,0,142,irregular,0.5000,1,142,4096,1
1773186192.816519,baseline,/pyfiles/module_75.py,142,0,irregular,0.5000,0,,,1
1773186192.8166149,baseline,/pyfiles/module_76.py,0,142,irregular,0.5000,1,142,4096,1
1773186192.8166442,baseline,/pyfiles/module_76.py,142,0,irregular,0.5000,0,,,1
1773186192.816737,baseline,/pyfiles/module_77.py,0,142,irregular,0.5000,1,142,4096,1
1773186192.816761,baseline,/pyfiles/module_77.py,142,0,irregular,0.5000,0,,,1
1773186192.816854,baseline,/pyfiles/module_78.py,0,142,irregular,0.5000,1,142,4096,1
1773186192.816878,baseline,/pyfiles/module_78.py,142,0,irregular,0.5000,0,,,1
1773186192.816971,baseline,/pyfiles/module_79.py,0,142,irregular,0.5000,1,142,4096,1
1773186192.8169951,baseline,/pyfiles/module_79.py,142,0,irregular,0.5000,0,,,1
1773186192.817086,baseline,/pyfiles/module_8.py,0,137,irregular,0.5000,1,137,4096,1
1773186192.81711,baseline,/pyfiles/module_8.py,137,0,irregular,0.5000,0,,,1
1773186192.8172002,baseline,/pyfiles/module_80.py,0,142,irregular,0.5000,1,142,4096,1
1773186192.8172271,baseline,/pyfiles/module_80.py,142,0,irregular,0.5000,0,,,1
1773186192.817318,baseline,/pyfiles/module_81.py,0,142,irregular,0.5000,1,142,4096,1
1773186192.817342,baseline,/pyfiles/module_81.py,142,0,irregular,0.5000,0,,,1
1773186192.8174322,baseline,/pyfiles/module_82.py,0,142,irregular,0.5000,1,142,4096,1
1773186192.8174562,baseline,/pyfiles/module_82.py,142,0,irregular,0.5000,0,,,1
1773186192.817546,baseline,/pyfiles/module_83.py,0,142,irregular,0.5000,1,142,4096,1
1773186192.81757,baseline,/pyfiles/module_83.py,142,0,irregular,0.5000,0,,,1
1773186192.817661,baseline,/pyfiles/module_84.py,0,142,irregular,0.5000,1,142,4096,1
1773186192.817685,baseline,/pyfiles/module_84.py,142,0,irregular,0.5000,0,,,1
1773186192.817777,baseline,/pyfiles/module_85.py,0,142,irregular,0.5000,1,142,4096,1
1773186192.817803,baseline,/pyfiles/module_85.py,142,0,irregular,0.5000,0,,,1
1773186192.817893,baseline,/pyfiles/module_86.py,0,142,irregular,0.5000,1,142,4096,1
1773186192.8179169,baseline,/pyfiles/module_86.py,142,0,irregular,0.5000,0,,,1
1773186192.818007,baseline,/pyfiles/module_87.py,0,142,irregular,0.5000,1,142,4096,1
1773186192.818038,baseline,/pyfiles/module_87.py,142,0,irregular,0.5000,0,,,1
1773186192.818134,baseline,/pyfiles/module_88.py,0,142,irregular,0.5000,1,142,4096,1
1773186192.8181581,baseline,/pyfiles/module_88.py,142,0,irregular,0.5000,0,,,1
1773186192.818249,baseline,/pyfiles/module_89.py,0,142,irregular,0.5000,1,142,4096,1
1773186192.818273,baseline,/pyfiles/module_89.py,142,0,irregular,0.5000,0,,,1
1773186192.818364,baseline,/pyfiles/module_9.py,0,137,irregular,0.5000,1,137,4096,1
1773186192.818388,baseline,/pyfiles/module_9.py,137,0,irregular,0.5000,0,,,1
1773186192.8184829,baseline,/pyfiles/module_90.py,0,142,irregular,0.5000,1,142,4096,1
1773186192.818507,baseline,/pyfiles/module_90.py,142,0,irregular,0.5000,0,,,1
1773186192.8185978,baseline,/pyfiles/module_91.py,0,142,irregular,0.5000,1,142,4096,1
1773186192.818624,baseline,/pyfiles/module_91.py,142,0,irregular,0.5000,0,,,1
1773186192.818718,baseline,/pyfiles/module_92.py,0,142,irregular,0.5000,1,142,4096,1
1773186192.818742,baseline,/pyfiles/module_92.py,142,0,irregular,0.5000,0,,,1
1773186192.818832,baseline,/pyfiles/module_93.py,0,142,irregular,0.5000,1,142,4096,1
1773186192.818856,baseline,/pyfiles/module_93.py,142,0,irregular,0.5000,0,,,1
1773186192.818947,baseline,/pyfiles/module_94.py,0,142,irregular,0.5000,1,142,4096,1
1773186192.818971,baseline,/pyfiles/module_94.py,142,0,irregular,0.5000,0,,,1
1773186192.819061,baseline,/pyfiles/module_95.py,0,142,irregular,0.5000,1,142,4096,1
1773186192.8190851,baseline,/pyfiles/module_95.py,142,0,irregular,0.5000,0,,,1
1773186192.819181,baseline,/pyfiles/module_96.py,0,142,irregular,0.5000,1,142,4096,1
1773186192.819214,baseline,/pyfiles/module_96.py,142,0,irregular,0.5000,0,,,1
1773186192.819312,baseline,/pyfiles/module_97.py,0,142,irregular,0.5000,1,142,4096,1
1773186192.819336,baseline,/pyfiles/module_97.py,142,0,irregular,0.5000,0,,,1
1773186192.8194292,baseline,/pyfiles/module_98.py,0,142,irregular,0.5000,1,142,4096,1
1773186192.819453,baseline,/pyfiles/module_98.py,142,0,irregular,0.5000,0,,,1
1773186192.819544,baseline,/pyfiles/module_99.py,0,142,irregular,0.5000,1,142,4096,1
1773186192.8195682,baseline,/pyfiles/module_99.py,142,0,irregular,0.5000,0,,,1
